ID,source_attractiveness
0,0.39342372986370566
1,0.040505428569839075
2,0.5575616654726074
3,0.31536288422606606
4,0.3037944683146815
5,0.08261001173298749
6,0.13370796036564597
7,0.05273943136805759
8,0.11212176619649873
9,0.076631920464065
10,0.019505953034804235
11,0.4092182774804395
12,0.0408973425323681
13,0.002713456179857354
14,0.11121675833156225
15,0.1244558385622081
16,0.08143159720824719
17,0.042070107028846504
18,0.27220044962087653
19,0.029694804547919756
20,0.3411922316256867
21,0.21907688026319685
22,0.2893368046577377
23,0.34464770071970185
24,0.2238929636380825
25,0.32819241399615884
26,0.5534609117889475
27,0.046925952928894565
28,0.12248635130688972
29,0.26537225445451457
30,0.35213656294664475
31,-0.20086917266200044
32,0.032087430707980424
33,0.061565113777851926
34,0.064198453753707
35,0.4092561502893349
36,0.09456098731459855
37,-0.0027168367457694464
38,0.3588337068098054
39,0.011513681946444448
40,0.36504197008727124
41,0.18293206955670935
42,-0.0050148343299034615
43,0.07006574515703753
44,0.2077957661616765
45,0.015155293193544056
46,0.042020049973679696
47,0.06940195248995501
48,0.04823281261328796
49,0.24195991584021428
50,0.2641086679081135
51,0.07085496053317136
52,0.3072603092172465
53,0.04022895121939013
54,0.47001947698156743
55,0.24986623442090794
56,0.322425660197925
57,0.3312998853335869
58,0.046722562168154985
59,0.2700398490496523
60,0.0851000381005253
61,0.2517210684168612
62,0.1385392648001342
63,0.2052214605518107
64,0.096706581183059
65,0.19773332308047747
66,-0.020875411843624014
67,0.10967560502313707
68,0.3642376657758039
69,0.09985905189336503
70,0.242221978566523
71,0.04102177864238726
72,0.05825803761343562
73,0.04192208450719484
74,0.03559424484086271
75,-0.001346642157795619
76,0.03536663920884045
77,0.11352910273562371
78,0.046326722330610026
79,0.2653596763918488
80,0.0629563044555923
81,0.22359874013177986
82,0.3037797505198554
83,0.2018741771358808
84,0.05472844459025844
85,0.050909947663813654
86,0.7105552667625559
87,0.48105773150990044
88,0.017160026801222444
89,0.06361305620159416
90,0.22046706054988013
91,0.08178452998524433
92,0.5505964586131868
93,0.3247401889273605
94,0.20803561237329807
95,0.005086610917588941
96,0.18176052223393613
97,0.12514932490274613
98,0.09269646154868888
99,0.3320224966540278
100,0.3113129850261806
101,0.2298912387507049
102,0.08040334080141648
103,0.1797766973651088
104,0.0487572545545337
105,0.2082493650208798
106,0.3263408701367369
107,0.06245683866005114
108,0.1445849904894194
109,0.13227088455263164
110,0.2366638034458028
111,0.1756071411518164
112,0.18786270147735315
113,0.38246127260440516
114,0.08050368334403829
115,0.504178500274569
116,0.21664690395933378
117,0.27558248152897125
118,0.673558804692846
119,0.03757591647040892
120,0.16862410604600736
121,0.20613078341446534
122,0.3142555891712809
123,0.48389685893750145
124,0.051440569240797235
125,0.09794625088103864
126,0.17187745485749342
127,0.07613740604989794
128,0.24793496171336354
129,0.14191642335818455
130,0.09243456735886826
131,0.07707333177243078
132,0.2610991476291596
133,0.023253499883231887
134,0.031076608285370927
135,0.26084561831275055
136,0.2765182920474366
137,0.033105590368577936
138,0.05636840102738683
139,0.07096696352267423
140,0.089132885175989
141,0.05450859689660753
142,0.18862421914854335
143,0.12354614731743854
144,0.24671054190849157
145,0.041378515182756814
146,0.06635437132678693
147,0.06509529291343394
148,0.0793281993180813
149,0.055934888628902196
150,0.3682752419442134
151,0.06052340950230456
152,0.13840149898643053
153,-0.05707419915821227
154,0.2624171639083106
155,0.1337041224448112
156,0.608945973822425
157,0.5785921782454877
158,0.10537145495047814
159,0.13896906828068692
160,0.3034608986754328
161,0.03750974166509799
162,0.014265029314900063
163,0.03919116013520796
164,0.5397094531036002
165,0.23308516430530082
166,0.04172670489417335
167,0.13520027855998817
168,0.2237937649575199
169,0.1763727896972305
170,0.0960970389542185
171,0.5349021574903856
172,0.06708325829162437
173,0.3215887952322921
174,0.07470297412497906
175,0.04230522570009351
176,0.2376613128274996
177,0.12722100356580845
178,0.12012413798277052
179,0.34349954917243797
180,0.3060034939095636
181,-0.034062436704943966
182,0.06061567108238475
183,0.02041724879939999
184,0.04558345760472668
185,0.10222414581008363
186,0.38580899929399154
187,0.1173462037086311
188,0.02505468860566712
189,0.01982313246253886
190,0.11139885071622473
191,0.04068199368239034
192,0.11428172571457546
193,0.03853373021885931
194,0.054477224880065234
195,-0.0016156193917087336
196,0.2679857553113726
197,0.23168677855520575
198,0.06331780855910496
199,0.05513603672412312
200,0.4559571160635127
201,0.3888828426396486
202,0.23951386523064716
203,0.3486830847619087
204,0.3325568653810508
205,0.18584867876724356
206,0.19568127295733634
207,0.2597243915733393
208,0.04061327830644068
209,0.2656409551385354
210,0.05239213916326882
211,0.22369843000713147
212,-0.00360244746984853
213,0.19168165000840787
214,0.08485413658653215
215,0.17929228479908196
216,0.10372206146519214
217,0.257322569178004
218,0.01336131161900897
219,0.15550475801248698
220,0.1294670755151849
221,0.3392888059624756
222,0.23266353869537296
223,0.1995875852912523
224,0.07197921541037577
225,0.30656871012942294
226,0.12434100282886483
227,0.2334473001390125
228,0.3451453747428217
229,0.037093762838971894
230,0.05137476299955532
231,0.06767473966745571
232,0.07392300002074256
233,-0.0156930877701435
234,0.12243259499138162
235,0.253759095135379
236,0.10879706626738758
237,0.2487067534770634
238,0.03999428468321625
239,0.07269815698132559
240,0.21131347843104586
241,0.2618831354566301
242,0.02918670343575755
243,0.30386211660317186
244,0.2862081617318085
245,-0.008693166388943463
246,0.44183033062020377
247,0.10717818895479717
248,0.06741853930359096
249,0.04332974976506798
250,0.049167414563652145
251,0.48562453476508055
252,0.11379488103816819
253,0.734366687490851
254,0.31589969976310084
255,0.07606677842443066
256,0.053189653457245106
257,0.2813355702568854
258,0.09970094045649622
259,0.03989610481064301
260,0.17601363988136692
261,0.23779355685153325
262,0.26248671664752465
263,0.18610414141328877
264,0.1743660772154583
265,0.33814013597542203
266,0.026840974895075476
267,0.08254163695210784
268,0.04704793173531907
269,0.6377062171894213
270,0.13740608004950294
271,0.10082722667359854
272,1.2494959766526739
273,0.06539949950424323
274,0.06421406499574314
275,0.07767313598194461
276,0.35258165653246587
277,0.19048817689986916
278,0.38683250957627163
279,0.07295640611674409
280,-0.00830734108260811
281,0.07189168148651018
282,0.013013984585511007
283,0.4365671032595261
284,0.15653014096598067
285,0.16693164757092616
286,0.0709443586809729
287,0.08173190212802373
288,0.280928116002785
289,0.2498232771840043
290,-0.0006035194183849901
291,0.6148978352009844
292,0.050203478008532976
293,0.38415378607453443
294,0.20149616604799173
295,0.13754817078384762
296,0.045581908461349824
297,0.21623380708962178
298,0.6604336487243858
299,0.10250121987149603
300,0.42544901856248357
301,0.8974622836646302
302,0.09150338088409948
303,0.11559223740991145
304,0.15792300200985637
305,0.25020466141953923
306,0.15686339543566152
307,0.3192034232620981
308,0.2122239471163237
309,0.06571300166086957
310,0.013945721109254239
311,0.28245523185167287
312,0.18088698984639937
313,0.12480954927275602
314,0.2164870821454342
315,0.32396403462030376
316,0.13741869109400692
317,0.4219554085228251
318,0.1771432915192246
319,0.24976955817280835
320,-0.03388998103258284
321,0.07670483440433681
322,0.05172831468200262
323,0.12997208413053507
324,0.11953420466529766
325,0.22274790662694743
326,-0.03302705802111472
327,0.061269569110237954
328,-0.009212373099812404
329,0.25960821326286393
330,0.5779205811305808
331,0.051384876656781486
332,0.29434169362347773
333,0.06058575915469633
334,0.03201888477560069
335,0.02648855577621781
336,0.03204116540939536
337,0.05754738653881683
338,0.05047612415523281
339,0.2296492570324496
340,0.5505714688924944
341,-0.23672966756582936
342,0.28443106785115907
343,0.04496785159292144
344,0.025827622397633754
345,0.01932659856635388
346,0.2266632282230594
347,0.035383257292741055
348,0.1145178380860994
349,0.24405884666199631
350,0.073247559704533
351,0.625034321653709
352,0.034826605758261076
353,0.09896173658632872
354,0.09712490919317693
355,0.05169065637268486
356,0.3122828688927463
357,0.23838309546824982
358,0.2155610133969561
359,0.21533529458623418
360,0.07376551345248006
361,0.0922296234391442
362,0.40466217845475094
363,0.06169558527090602
364,0.13172584133990564
365,0.11845341302183106
366,0.22345450817890433
367,0.05196808972351741
368,-0.030202076342195572
369,0.03620784448730477
370,0.16382140985878313
371,0.2809414607834785
372,-0.029573394405413955
373,0.45239478477844575
374,0.09140200600471321
375,0.36537087447466676
376,0.06566483167584203
377,0.16484386583981958
378,0.21115436382614394
379,0.006937062028055607
380,0.13286058429768188
381,0.04465996698798627
382,0.3117171167278538
383,0.19799885295779474
384,0.39973089161695496
385,0.15839964455114203
386,0.2780483323157301
387,0.07245222621905345
388,0.06397596988261706
389,0.06564705063942078
390,0.37815275091796285
391,0.8266367850157843
392,0.7605553088570074
393,0.14372872215615878
394,0.28560538575102723
395,0.1724897396492763
396,0.5285863801054231
397,0.18698472406783634
398,0.07471623095070964
399,-0.04510840168834096
400,0.40336894490873454
401,0.03210676485727629
402,0.10083414140779237
403,0.03558232250065596
404,0.05784776711457823
405,0.23368894393919315
406,0.05417400763033847
407,0.0461573537328023
408,-0.0041113123573596755
409,0.02822217674393726
410,0.16325490739785625
411,0.16883221188370898
412,0.03405463103146608
413,0.1904385667846827
414,0.4359288247929459
415,0.04554543070351799
416,0.03049952654034041
417,1.2337148971885739
418,0.04327270104459424
419,0.04678205631189361
420,0.04332551818711719
421,-0.11135922601452913
422,0.2665223672465629
423,0.07611581182001587
424,0.01538882344065573
425,0.02048663109809537
426,0.4117003213864266
427,0.2942705818554489
428,0.05173031090119665
429,0.05362625979107227
430,0.1847173163860972
431,0.017797741700030956
432,0.22132923542408103
433,0.07685382934903101
434,0.0036163837321618875
435,0.12454117387655626
436,0.06472559704502787
437,0.1238051516479307
438,0.01430668242997607
439,0.2232649334030337
440,0.2737350046402595
441,0.23488846482731457
442,0.039042579136181116
443,0.07075226890396058
444,0.7390179760540954
445,0.1568504759675421
446,0.3327168783995546
447,0.05404925625140586
448,0.009804194627435425
449,0.4097269964751975
450,0.08506337502891079
451,0.5765590794669417
452,0.06422426235412418
453,0.05026899614145597
454,0.0336877238194595
455,0.35156480957471375
456,0.06092640085394571
457,0.2712464087149373
458,0.10440984105357021
459,0.22767874892892268
460,0.040486808953972664
461,0.3991657608226757
462,0.25083523036396227
463,-0.002512136046667668
464,0.04462601760444207
465,-0.040611197015002376
466,0.4767979773390471
467,0.17224518817199205
468,0.5149457983729675
469,0.06785579638262984
470,-0.03109911364437057
471,0.08879432923936847
472,0.1813967739086434
473,0.06981833508705548
474,0.07255225414533398
475,0.06469965953249046
476,0.0948769607191719
477,0.17140807141283967
478,0.5445406733227183
479,0.030682578028007307
480,0.256702257850666
481,0.24067439006435618
482,0.11354938907339307
483,0.005679743661244435
484,0.28952399347981594
485,0.14183091112783897
486,0.06677086877692173
487,0.11715721357232518
488,0.06834061839731964
489,0.07056268093562823
490,0.03629668442331274
491,0.14459124470791665
492,0.1825113673019398
493,0.3430395772184963
494,0.32919115668916277
495,0.6778839019560018
496,0.4712860259415185
497,0.08275382139689996
498,0.2633528614286268
499,1.2012401210140364
500,0.24396717909429153
501,0.09569505108699222
502,0.027360209770843857
503,0.2468607487486023
504,0.47911258421667574
505,0.022624626068220688
506,0.5671851659463925
507,-0.08819261758655467
508,0.2377173810778381
509,0.28846765385631834
510,0.2957745526262371
511,0.01993786153109192
512,0.10448977292527795
513,0.1277919587824211
514,0.051864447633675925
515,0.26970568602863365
516,0.23289402509747748
517,0.07842986860551937
518,0.2315754911791336
519,0.17621585460133876
520,0.4721144358396821
521,0.1188720501052646
522,0.2840011693601331
523,0.18108845747171015
524,0.29245783571609607
525,0.09624626146158058
526,0.057128539369404235
527,0.1495685510506957
528,0.08479187630693885
529,0.08613095933029319
530,0.06771709233123663
531,0.02482338735333095
532,0.04503895187422871
533,0.05574048313367869
534,0.08240016636463132
535,0.08755670953268577
536,0.05151290429488112
537,0.46677011475356855
538,-0.01976490332942349
539,0.2790879788609946
540,0.12604451171282458
541,0.1056934901799777
542,0.07391434599574298
543,0.10243441899224673
544,0.2731990931506456
545,0.09268860621888783
546,0.11921987251250869
547,0.20161429025513578
548,0.23414918748881752
549,0.11805783129605811
550,0.5265976632314224
551,0.3433452398903014
552,0.19687802773293436
553,0.22922964400435275
554,0.05788324248252208
555,0.4717912941646258
556,0.23491720892483672
557,-0.0034469280168228644
558,0.5212835491013482
559,0.06691643712077008
560,0.15123224646054997
561,0.029083553228436643
562,0.06920459341455878
563,0.020677464194089612
564,0.12048633805656432
565,0.15272963932387662
566,0.3322871673161855
567,0.34129111541625656
568,0.09939514702038353
569,0.04344873710308081
570,0.1068447942789709
571,0.006961315490020048
572,0.04461627464314283
573,-0.04571205210422152
574,-0.029544603650031365
575,0.05276408827972717
576,0.23689676427080564
577,0.15026160314426237
578,0.20623885005092307
579,0.42579447164189954
580,0.29826836926139344
581,0.23034294630217395
582,0.1280404387882318
583,0.17444355049423094
584,0.06080530977843701
585,0.41467015619832337
586,0.3968631956573081
587,0.16865786333861787
588,0.3019668879631809
589,0.1283313683123995
590,-0.0008048237749523901
591,0.02824624126869235
592,0.21153854714490597
593,0.20049604474784893
594,0.2558064095395135
595,0.16714557915172726
596,0.030305757092258773
597,0.3751727123155003
598,0.08193329022388107
599,0.421461149831772
600,0.09061632803068437
601,0.39517638584027426
602,0.3334233964866493
603,0.06352462273026019
604,0.2879257301686993
605,0.1985358887575223
606,0.5325670243374472
607,0.03378051030352122
608,0.187831450711205
609,0.07339584042403985
610,0.5152145006100509
611,0.22563785893717803
612,0.07050116204004053
613,0.16660110425160327
614,0.36791725002871534
615,0.26965144976542577
616,0.04074169094538296
617,0.1314535933336937
618,0.535144980963769
619,0.261707956088519
620,0.4295594044573727
621,0.09923446732626501
622,0.0476214957994906
623,0.09895037839581475
624,0.17203572968977718
625,0.30851948230668746
626,0.09675435406106309
627,0.0906442429243039
628,0.03811976006521986
629,-0.06570934668681672
630,0.08603328628301049
631,-0.023000105024584327
632,0.20481723541212515
633,0.28911204391987233
634,0.24023302624239218
635,0.1027325756572712
636,0.18737170114040752
637,0.11613699663186455
638,0.033482741191566634
639,0.4640829230183829
640,0.04134546826509217
641,0.12252956562642699
642,0.16739498549783932
643,0.3349182044526062
644,0.06800464653228971
645,0.14484162218152932
646,-0.0026990430694127654
647,0.08444211664066165
648,0.5746582929834253
649,0.29401108170276324
650,0.1652318332521352
651,0.034794516163516864
652,0.4814474852142903
653,0.36175355284323274
654,0.03884851886858731
655,0.14009928436784452
656,0.0644113774148915
657,0.09254534664672551
658,0.22113156795669636
659,0.23622773169966982
660,0.13810335495952758
661,0.2019750292421068
662,0.20382361389794504
663,0.2982254301809943
664,1.0147828536685373
665,0.1366420414616744
666,0.3430726025385247
667,0.09091240250509167
668,0.08473778877768351
669,0.07318467893619468
670,0.3738448474290137
671,0.07673068812197534
672,0.2565150467349847
673,0.293893891150505
674,0.05593834027864222
675,0.034234993850370765
676,0.15608510978284823
677,0.07696138694544225
678,0.1542836396133532
679,0.40643629700437234
680,0.39346379053725045
681,0.040371590010456676
682,0.23766494589608028
683,0.23084828267044274
684,0.22193063163883697
685,0.3197758929643477
686,0.8744886483303329
687,0.26425596800999546
688,0.07618942569732648
689,0.09225128339460975
690,0.13794310553226508
691,0.06074986104522373
692,0.030728040070924556
693,0.025641624339214325
694,0.27853231847137133
695,0.19839277276452374
696,0.015553773362903561
697,0.22774938430785255
698,0.036887382941540814
699,0.02154240031745361
700,0.7835973034985875
701,0.17496525078137987
702,0.09671796923876765
703,0.434525830839734
704,0.04203042910633015
705,0.12580729702151505
706,0.06906443140579066
707,0.10429932042301934
708,0.059098946960938925
709,0.6343118159163955
710,0.049855650691008335
711,0.18645038481884993
712,0.04088866830574428
713,0.14142885825386967
714,0.057310808117920276
715,0.32133417506130446
716,0.2823301643030064
717,0.31540272957580184
718,0.03865293793937208
719,-0.16799884383848052
720,0.21084548084071875
721,0.0599438853031021
722,0.1521902524257071
723,0.2873840860667391
724,0.1437503641991644
725,0.244570046093038
726,0.0970443213679319
727,0.09322863924419766
728,0.7458488528268228
729,0.3425626825943654
730,0.27900306340706377
731,0.11908394412535214
732,0.0168033478997221
733,-0.013150801071999618
734,0.06461850376466557
735,0.12708999922555694
736,0.020135287196750312
737,0.27502813169068013
738,0.03656728393416131
739,0.5852690954139789
740,0.0788577532269083
741,0.14334002906231322
742,0.18304405587267225
743,0.03812216987810521
744,-0.05664713482028588
745,0.2362603997142102
746,0.5695157359446377
747,0.24024548840114462
748,0.09677659759210057
749,0.1414164233976946
750,0.17292091663688583
751,0.17438052446309432
752,0.3811475679185059
753,0.14990633819743443
754,0.6491554821027408
755,0.15713197151016037
756,0.4285081852181025
757,0.03874405921537327
758,0.3525523814301578
759,0.020296832973190765
760,-0.12578590283907914
761,0.004061008254342913
762,0.1691024130283415
763,-0.07083094027721532
764,0.04790232209255918
765,0.058452685032388985
766,0.19815528470979588
767,0.07986956768546127
768,0.1329402482275483
769,0.4439583265404912
770,0.18550096758077692
771,0.22663248934963512
772,-0.13175187241855624
773,-0.048634009432324155
774,0.12905648701606504
775,0.13007289580855685
776,0.5898040159238229
777,0.40015189111214033
778,-0.0041653672613765624
779,0.12686081358197676
780,0.039211388442641465
781,0.21793125248016998
782,-0.01660140896499468
783,0.01977819475197845
784,0.13086074674367867
785,0.0030861544794760776
786,0.06987966288676387
787,0.3688085706341493
788,0.2742150993542084
789,0.03544861780361075
790,0.18514878329851187
791,1.277452217920381
792,0.07371830345602212
793,0.06390883220026039
794,0.5678238201480232
795,0.08832936513543524
796,0.5015409250296559
797,0.28861696370796164
798,-0.016498980094338866
799,0.3512370717763179
800,0.28480586988327944
801,0.17059918869974872
802,0.38164182086511245
803,0.09587448720254788
804,0.19531097534692587
805,0.06632961677738675
806,0.018299106951104094
807,0.03411482176171113
808,0.09212410543395508
809,0.0477483579920418
810,0.2211552734578113
811,0.07251314638714818
812,0.06901364085186845
813,0.08030580530240264
814,0.134016608753306
815,0.12931755623086585
816,0.2089769460667764
817,0.04600559710237512
818,0.3698479687513697
819,0.03891738035252601
820,0.24468123966024047
821,0.030576126838601614
822,0.2480943362778627
823,0.08091083026679788
824,0.08103247302199376
825,0.038106033992012955
826,0.0423010999883453
827,0.13326638490937232
828,0.0936021133766182
829,0.20662702935395166
830,0.12617618029404193
831,0.29912480617890513
832,0.022555972132255242
833,0.018657954455823522
834,0.4039002540884475
835,0.09337754230413792
836,0.07298448417289044
837,0.10597143774120962
838,0.35765414932807127
839,0.0924622434618495
840,0.06214924203779082
841,0.06483848463712535
842,0.6984107657852089
843,0.24644578417157517
844,0.287326485204803
845,0.17903464467077046
846,0.034021682242615814
847,0.05520804060407436
848,0.0030671899012671144
849,0.03912701687232861
850,0.3337659421117418
851,0.09072651284214772
852,0.03604191769989615
853,0.12088597047507967
854,0.0851788139554975
855,0.004389641198651956
856,0.1575055219995772
857,0.494204862696153
858,0.3137953651192128
859,0.18904947113927675
860,0.021426383378794156
861,-0.08322588528163954
862,0.439711099464455
863,0.375153165320146
864,0.03398585208428917
865,0.17859758093462502
866,0.06969202012230258
867,0.4328386982074872
868,0.16351575295581977
869,0.3727493270340798
870,0.11705666674290112
871,0.021412288752684305
872,0.12152811144611739
873,0.24080280027175643
874,0.2854762729752177
875,0.3222132532817572
876,0.12360767339661681
877,0.218948705186906
878,0.15225664341504733
879,0.20955071016744994
880,0.08057394949973129
881,0.25367867413343087
882,0.21057856089367535
883,0.46370214512848884
884,0.027681641011807395
885,0.40616339032308646
886,0.37562933887283034
887,0.22895409868592576
888,0.1758286392124275
889,0.5275404333548294
890,0.3286869494826784
891,-0.019209324201085676
892,1.2635218050129775
893,0.17308067088670734
894,0.09863638889783619
895,0.15466804564126446
896,0.07714382269624698
897,0.13247899539200886
898,0.031734506180539745
899,0.05153842488398794
900,0.2008819426292346
901,0.08071938496015219
902,0.008687884727502454
903,0.1682356536264687
904,0.37046223078487156
905,0.24661950253165238
906,0.1278655912352904
907,0.019311390417204283
908,0.33736346034477593
909,0.3505697245275087
910,0.061276633910771094
911,0.28817364546807683
912,0.27611745232938784
913,0.15675199246633037
914,0.15300017710866656
915,0.08053472418508084
916,0.14160342504831167
917,-0.027424110127803852
918,0.6303949175937189
919,0.13442740668099204
920,0.049929235213619166
921,0.06044438151545006
922,0.2909572036078589
923,-0.05369462000622405
924,0.036256119508686874
925,1.0578222396035821
926,0.06488844910096295
927,0.07716619807712022
928,0.22879761932402495
929,0.1206754483951189
930,0.10081133739244001
931,0.42116665137886616
932,0.07510485992798643
933,0.19701767472029394
934,0.4133281674996244
935,0.3491045723201815
936,0.4653194764490664
937,0.05346600156636083
938,0.5009635879350691
939,0.14148920648075408
940,0.0458844134860488
941,0.0308928910291848
942,0.0727856039213805
943,0.35474374891027344
944,0.3037011151392953
945,0.33123684871873227
946,0.07779816864316003
947,0.1442305821579616
948,0.1596856348269703
949,0.4543847464436399
950,0.1281993258750015
951,0.36135939126046235
952,0.061367240793371
953,0.04301161350436217
954,0.2256000529432564
955,0.0558109963645782
956,0.043249247060953094
957,0.4879142964439598
958,0.23526644260006288
959,0.036378283468744665
960,0.06960105778373585
961,0.12272523637314527
962,0.06511955052001353
963,0.17446015999603026
964,0.48300178112311476
965,0.36254055997302037
966,0.37320379169456364
967,-0.007531252559890511
968,0.4759086129107793
969,0.05582681882420598
970,-0.0602711021644774
971,0.22103442781821372
972,0.23412525319159422
973,0.04852867273343031
974,0.04359248124794804
975,0.2837326616987936
976,0.11283684385223643
977,0.33272813972232795
978,0.23052667182464986
979,0.4491647021597114
980,0.00914308171079159
981,0.26272795725166953
982,0.000568958741524489
983,0.0497116947133483
984,0.2548327667749123
985,0.15365910880027642
986,0.25770529805563785
987,0.05575269099899113
988,0.6649491877182272
989,0.5420801521838219
990,-0.08688031177536298
991,0.0626543415885566
992,0.09014364051890636
993,0.06721680506529029
994,0.05583490308030817
995,0.11140297108290291
996,0.2491712503655734
997,0.5622659024270111
998,0.057315123410412644
999,0.05062260382774114
1000,0.20537601840332986
1001,0.14204840351195644
1002,0.26918840056304644
1003,0.0889888533667704
1004,0.18861172752993208
1005,0.29623384319763457
1006,0.05410077735315899
1007,0.017839530212425014
1008,0.06955886943493
1009,0.057682403692899675
1010,0.02848152271883153
1011,0.15945870344790053
1012,-0.005344112186609962
1013,0.3737762271000893
1014,0.31071914622295127
1015,0.34796115208511524
1016,0.2933364921972599
1017,0.23463410907853077
1018,0.4072207741106116
1019,0.09884758882309008
1020,0.26262983854809163
1021,0.08859010323938704
1022,0.18174312498742973
1023,0.0833383193844549
1024,0.03907132899584878
1025,0.12484959217455795
1026,0.09408955096820934
1027,0.5645738241816536
1028,0.09304026858959732
1029,0.05445843402139089
1030,0.05926323022436403
1031,0.0450196538536137
1032,0.12828026213660207
1033,0.47192264390445077
1034,0.055798422504688694
1035,0.17196899824340328
1036,0.1589575391160688
1037,0.2008038702671823
1038,0.14623976489064922
1039,0.26920242841321823
1040,0.14509915647185245
1041,0.2426394659856263
1042,0.05201754965497815
1043,0.8778904768759006
1044,0.042648467153772324
1045,0.2311879845922329
1046,0.36916503049048854
1047,0.06439776660871915
1048,0.048690168414416424
1049,0.5175171428913179
1050,-0.01447201289865474
1051,0.4279874419240258
1052,0.04326276448323735
1053,0.5328811211827589
1054,0.06558946895263734
1055,0.03999449834188393
1056,0.5116333135143829
1057,0.380934147897791
1058,0.043227788262498734
1059,0.27943409223380933
1060,0.34361613140027725
1061,0.04890046966484432
1062,0.09523524395645883
1063,0.19021348903807006
1064,0.8539031751247883
1065,0.2445568008650831
1066,-0.13099148194640975
1067,-0.0431224540600747
1068,0.07272378296192705
1069,0.14110021532229763
1070,0.08324259270841061
1071,0.3729307183424424
1072,0.2291940742558253
1073,0.03344867443185118
1074,0.21255353729940718
1075,-0.0025530743942772383
1076,0.27259135431891557
1077,0.10767963882867333
1078,0.2911331586769421
1079,0.015216734992602843
1080,0.19729115588664317
1081,0.05507973988855197
1082,0.368085251723808
1083,0.17195376524042885
1084,0.035216340749199326
1085,0.254937752144767
1086,0.07346712316357779
1087,0.2691889645170726
1088,0.2993660558817651
1089,0.2242458264164632
1090,0.17849355412482795
1091,0.2946941037582403
1092,-0.03292768026495069
1093,0.07908324099954908
1094,0.2764027487472944
1095,0.24434075446300907
1096,0.05619638312444933
1097,0.3044444339194566
1098,0.1090946444845751
1099,0.16955001763690636
1100,0.23131543558797024
1101,0.034190890223007
1102,0.17967173268540781
1103,0.12224484836933083
1104,0.4133338825064692
1105,0.037555437965730964
1106,0.01936104660580812
1107,0.09368195514237865
1108,0.006680776600259064
1109,0.00906612228074924
1110,0.541803216367463
1111,0.21783416516007453
1112,0.06723218190509891
1113,0.7638369381189258
1114,0.18658819947102287
1115,0.005794905084287427
1116,0.03538796927352009
1117,0.10425847489817187
1118,0.0909876190996988
1119,0.04808878285927462
1120,0.11819015534293692
1121,0.09736879161151962
1122,0.029998937291947053
1123,0.3496684298063414
1124,-0.0013894081001897818
1125,0.36593460773914877
1126,0.4377960699294854
1127,0.16902356987801523
1128,0.1500179217013855
1129,0.06645387200117428
1130,0.3474140137743926
1131,0.08549543838764842
1132,0.11263920055511498
1133,0.08778902345828682
1134,0.33099122403194625
1135,0.13362948745654002
1136,0.3890467508522538
1137,0.13711418505647832
1138,0.4442227147701555
1139,0.026374364056634625
1140,-0.06205582807889787
1141,0.2954991620859739
1142,0.09731519792224673
1143,0.015373758350554795
1144,0.07835014303222465
1145,0.18551282428568677
1146,0.10534210900336549
1147,0.1826691089481818
1148,0.2123582470088405
1149,0.1246243071900405
1150,0.8596166699862462
1151,-0.031472062669814005
1152,0.14698631862781336
1153,0.04959724753790809
1154,0.07007606641281489
1155,0.017877100301424143
1156,0.2796076594900701
1157,0.4323792170224132
1158,0.04018721629447536
1159,0.19132091102520116
1160,0.31856550142532547
1161,0.02940618622084512
1162,0.47708420624811515
1163,0.11937014324998885
1164,0.06716412667166624
1165,0.1597551137270488
1166,0.6557700697587732
1167,0.0864241801845638
1168,0.18973485682105487
1169,0.038151908746411944
1170,0.22911303779989264
1171,0.0961676555100762
1172,0.012777216670452618
1173,0.11961674640962766
1174,0.4789901105691228
1175,0.4899874619369272
1176,0.344518951484588
1177,0.06734903301616374
1178,0.034466051360534544
1179,0.16555131501903006
1180,0.10616295776220971
1181,0.3781399181787965
1182,0.06130321345948897
1183,0.6802974637877284
1184,0.4535618708884149
1185,0.33512282927300546
1186,0.15173859405346804
1187,0.2466038720559361
1188,0.23956748161204272
1189,0.08165275761872876
1190,0.1880728940704264
1191,0.03417015087243344
1192,0.5381674050753487
1193,0.0445258854078229
1194,0.14531960600987376
1195,0.3017316533357427
1196,-0.00762831715148346
1197,0.1819049124007723
1198,0.5890221398616324
1199,0.10548677854825982
1200,0.13836113122721377
1201,0.014162672829695383
1202,0.12251319213823965
1203,0.46386386240162397
1204,0.2394076407845716
1205,0.25708832766049666
1206,0.14216128276369636
1207,0.018864573464280887
1208,-0.016535848621742566
1209,0.038898399143276724
1210,0.2637394754203465
1211,0.28435290367435795
1212,0.08305539910641924
1213,0.03688730460291201
1214,0.35697517767929676
1215,0.15649646245283289
1216,0.22087817005660498
1217,0.0740381258455386
1218,0.02463087058862179
1219,0.18279137903120007
1220,0.35368047016143617
1221,0.5146023462835618
1222,0.10248036873018446
1223,0.0913637171336619
1224,0.0075592879919565426
1225,0.07048771166225376
1226,0.2156664676904219
1227,0.35840147796799965
1228,0.19261723479397888
1229,0.24861541835074982
1230,0.08449552317368395
1231,0.055676076008319475
1232,-0.03093391719548738
1233,0.13364765653756158
1234,0.585178873147751
1235,0.05560290119707556
1236,0.09603803224181595
1237,0.35504482031615103
1238,0.14844664204632496
1239,0.07595777880807891
1240,0.018430467071351153
1241,0.4655511536147642
1242,0.4010764078418048
1243,0.13250146024476328
1244,0.12925961550505802
1245,0.047724255898688395
1246,0.07598607851201514
1247,0.08830650680564822
1248,0.29468620191394596
1249,0.22976287392394407
1250,0.21625125811993645
1251,0.19228888678144293
1252,0.10946344675230305
1253,0.23305865691652775
1254,0.15455637638412156
1255,0.5625029705005598
1256,0.05689497902684562
1257,-0.014772929063412155
1258,0.010389114499052221
1259,0.46540886262920456
1260,0.043854153250145106
1261,0.11045890165608642
1262,0.14049869873122672
1263,0.13601439009631233
1264,0.15853087903748217
1265,0.07078111873615098
1266,0.2785911478619179
1267,0.1118003799756818
1268,0.3736789845128703
1269,0.16794416953331998
1270,0.4809373103609345
1271,0.014161714246602092
1272,0.4128046233827131
1273,0.3895791749047222
1274,0.26107948720586094
1275,0.09971452722694318
1276,0.08817954372716941
1277,0.34720442179677125
1278,0.20785207101198722
1279,0.04655865895064121
1280,0.17100858379308895
1281,0.2926706213796014
1282,0.07650393912647929
1283,0.5687682896801922
1284,0.2920513835665733
1285,0.2271763608934166
1286,-0.0024162526902663517
1287,0.11227173521268827
1288,0.04270367374370854
1289,0.2746931050367428
1290,0.5981955774098645
1291,0.43801054980592047
1292,0.03291134357229067
1293,0.10356351265664387
1294,0.23786567433299524
1295,0.10083083581728608
1296,0.26795620934361514
1297,0.47900966359028635
1298,0.02499067100690941
1299,0.18221329244498957
1300,0.035339658129227236
1301,0.06537967143283901
1302,0.11705902263386052
1303,0.4637153721719068
1304,0.2739328392441215
1305,0.05092141827731725
1306,0.13039670169896325
1307,0.024273443327516547
1308,0.049598428834674996
1309,0.0374432178118832
1310,0.07502673532738807
1311,0.10702566903605183
1312,0.764906632810118
1313,0.03388644661160334
1314,0.08171976961761668
1315,0.06005905152921004
1316,0.2100483020517142
1317,0.4269784756960161
1318,0.0508122779928567
1319,0.27306370459117846
1320,0.04305948544634838
1321,0.051801039181822384
1322,0.05390076142962211
1323,0.2421822907374374
1324,-0.016777305195956244
1325,0.25527352639696865
1326,0.15318276674710846
1327,0.20223439963231696
1328,0.30689141778403806
1329,0.3587158873347819
1330,0.019298079246664435
1331,0.2775168793410151
1332,0.14765386358406668
1333,0.11514772396775508
1334,0.22519918225971786
1335,0.4466892712309616
1336,0.20887491300800998
1337,0.2325842884045225
1338,0.16127831226217393
1339,0.21775444895127333
1340,0.26394820898282767
1341,0.016550564231157805
1342,0.19092410964646309
1343,0.6628191075500607
1344,0.019016025351709043
1345,0.1662336061194631
1346,0.3694110719941668
1347,0.052152519344433185
1348,0.37974761949895647
1349,-0.013803351011313914
1350,0.4316496756243767
1351,0.2383639866283926
1352,0.36124631203554985
1353,0.11606613135577076
1354,0.34560221135641866
1355,0.21991612566412808
1356,0.023309506073616704
1357,0.23121599568232537
1358,0.44579263525727447
1359,0.3173546971796924
1360,0.3724537480781783
1361,0.2779076334235808
1362,0.03964158520408981
1363,0.09417307828762772
1364,0.34351151627371557
1365,0.1882668832374655
1366,0.16129129480434504
1367,0.34186334308054295
1368,0.16227774860216324
1369,0.09493672577022721
1370,0.19916246210531904
1371,0.07039561357327259
1372,0.5506662624445261
1373,0.6194347091329737
1374,0.03714294951526642
1375,0.08179378077054683
1376,0.85660044166856
1377,0.29399562006768987
1378,0.024558391011786057
1379,0.03225184474597231
1380,0.35972244286133903
1381,0.18772114554400668
1382,0.0464719707438237
1383,0.032692955473122925
1384,-0.013115094675782257
1385,0.11042880528189311
1386,0.08028501905515348
1387,0.06038765621513312
1388,0.04468826636482337
1389,0.3393678016211271
1390,0.18454790932137588
1391,0.22309446755061557
1392,0.11697300145958266
1393,0.4339732977493889
1394,0.35661355963238195
1395,0.4653335968095277
1396,0.4552391036538175
1397,0.18297626719154725
1398,0.40807494421881385
1399,0.22513783793593517
1400,0.18618898208705434
1401,0.08015232990321805
1402,0.27241252922730347
1403,0.37898838417302944
1404,0.11011279190187938
1405,0.27676351336466326
1406,0.19886486700710868
1407,-0.07116437830759309
1408,0.22273327170110302
1409,0.4151429901932102
1410,0.16133641784795394
1411,0.30901801499901727
1412,0.2280812421223088
1413,0.0420334975536191
1414,0.004052083802835893
1415,0.013128752944825378
1416,0.11082883869431343
1417,0.4461875383462318
1418,0.04302842071069202
1419,0.007673834998686652
1420,0.33357994770147475
1421,0.2953686198172021
1422,0.007378784405998401
1423,0.2432177103592339
1424,0.3956580420575804
1425,0.5550684188269449
1426,0.22846886194818328
1427,0.43425860300496405
1428,-0.033316647786330866
1429,0.05199007040774384
1430,0.26099776435737904
1431,0.09384779493097853
1432,-0.42070728281991016
1433,0.03256132154054331
1434,0.1481028386666218
1435,0.45633523348127586
1436,0.069086559097431
1437,0.18846394740515163
1438,0.10166329879172194
1439,0.2513359386662875
1440,0.012314976201244887
1441,0.024159664189288332
1442,0.0948576353214749
1443,0.2496181391043348
1444,0.09596860889183952
1445,0.10481544263154388
1446,0.07562734489015305
1447,0.2458493547617866
1448,0.04996681868822894
1449,0.4095838419780756
1450,0.2604238851728523
1451,0.1876084570069882
1452,0.29698525196189185
1453,0.06616596369439245
1454,0.20107816060271377
1455,0.6991762641041805
1456,0.19595863714404574
1457,0.14525137409032615
1458,0.1970448129492966
1459,0.13687665025997794
1460,0.26971984561637163
1461,0.22242611409386195
1462,0.05122287640398082
1463,0.232961310300429
1464,0.05267923328318769
1465,0.14642414490004546
1466,0.22588126118794477
1467,0.28216881618995143
1468,-0.026313855086627952
1469,0.15038385156881337
1470,0.048794478960313636
1471,0.1712638708131413
1472,-0.19987533239457328
1473,0.20843971319177373
1474,0.15260263691524167
1475,0.1322925664657552
1476,0.19314040091646212
1477,0.02089269506081659
1478,0.06357657638501685
1479,0.43360380415747124
1480,0.11316902736569752
1481,0.04629860294069599
1482,0.15713552960980096
1483,0.07607786212728518
1484,0.03761301134338227
1485,0.019910816292391803
1486,-0.02033413678282192
1487,0.06068560012282906
1488,0.24225631138311354
1489,0.06606563098359042
1490,0.14816811747854725
1491,0.07261223753135482
1492,0.3590630569831847
1493,0.3483872413482304
1494,0.33041860942977824
1495,0.04579666793695081
1496,0.013068290041509611
1497,0.07224387997095119
1498,0.39802824709179085
1499,0.035449742195125394
1500,0.019040873473483988
1501,0.2643596618933142
1502,0.32975897101469437
1503,-0.002718814093331301
1504,0.10217704019722995
1505,0.042861265306699425
1506,0.04220305888411793
1507,0.052495293060102866
1508,0.1998743609898549
1509,0.30126623516946843
1510,0.19441403361547907
1511,0.17821221222013203
1512,0.03261040392966408
1513,0.27395598877854993
1514,0.07369037381634175
1515,0.08699466679241635
1516,0.0552515683762137
1517,0.005282117740061293
1518,0.486883919886319
1519,-0.385389268510486
1520,0.07779758491768862
1521,0.20058150277253772
1522,0.6222403379531702
1523,0.1263207500024605
1524,0.0796266129403618
1525,0.5320455050668902
1526,0.10827283346187716
1527,0.4350143182848115
1528,0.07579540586400194
1529,0.4876681419823443
1530,0.06410035224686061
1531,0.08027893191540575
1532,0.029642997400084276
1533,-0.03899899404694801
1534,0.37677295466789046
1535,0.07744481150938781
1536,0.5542500279303094
1537,0.0815065317047958
1538,0.6429837159876421
1539,0.3753301675030523
1540,0.09894965934469394
1541,0.37846883427018063
1542,0.43704005327177264
1543,0.21174169897129988
1544,0.24131804798417122
1545,0.3373588857475856
1546,0.365606257110885
1547,0.22537022312799523
1548,0.30944839920917244
1549,-0.04897605580612585
1550,0.25720481000380807
1551,0.07549791260610558
1552,0.29780265554430835
1553,0.1201066857700494
1554,0.13060652687329372
1555,0.18570879798081252
1556,0.052114426684746945
1557,0.1934324479902598
1558,0.1849162059277217
1559,0.08905577036685158
1560,0.35563503625034204
1561,0.1801079798084397
1562,0.37333160301834833
1563,0.3295078937766152
1564,0.19240392372248363
1565,0.0651548364741951
1566,0.05808925026089615
1567,0.0399915392765636
1568,0.10168387994678706
1569,0.16915990612849197
1570,0.17752281936093928
1571,0.04317375109414018
1572,0.12594502451473438
1573,0.033658649094640614
1574,0.15016124875388942
1575,0.4782314047590988
1576,0.04594452940443325
1577,0.1664843434658227
1578,0.053988106295728255
1579,0.03167283135366131
1580,0.05183097253627367
1581,0.24409714826787235
1582,0.2882927318231645
1583,0.19893825647464214
1584,0.07723626189076255
1585,0.05740855528568137
1586,0.3265616242578291
1587,0.0754656464850979
1588,0.07724167832636258
1589,0.04781812054427298
1590,0.09952089588399829
1591,0.05052862866506541
1592,0.08662260612031081
1593,0.26007406302814834
1594,0.12908673658053837
1595,0.10346295956292909
1596,0.0922789848781293
1597,0.19140527783576555
1598,0.1572526494735469
1599,0.03301913392517311
1600,0.11195549378481157
1601,0.08736900338148551
1602,0.32300401187614514
1603,0.0668295838954342
1604,0.09135531193205437
1605,0.04254734698482149
1606,0.2450475903880772
1607,0.047181916422193465
1608,0.04116398776271166
1609,0.5594244993698452
1610,-0.09869530671061905
1611,0.0388634916400894
1612,0.05813479686727169
1613,0.11258575431507517
1614,-0.2923038740566936
1615,0.02920829624901422
1616,0.03540237679012001
1617,0.3799485490420114
1618,0.22073702863756778
1619,0.4560190393792262
1620,0.015650821507385698
1621,0.4008240396204719
1622,-0.0006505903144155001
1623,0.1247392207159415
1624,0.195669764362411
1625,0.20814119925087013
1626,0.11202788166530699
1627,0.32881341522612717
1628,0.15449860107574026
1629,0.2214007991648549
1630,0.03908752093223261
1631,0.04019799412919295
1632,0.39441950427399997
1633,0.11346111012958363
1634,0.12373836274812727
1635,0.09618067327259963
1636,0.06471068894364224
1637,0.0465915759654186
1638,0.010336562230343793
1639,0.05954710891873319
1640,0.371106251092574
1641,0.01772686199571316
1642,0.16923594622250304
1643,0.9149797203451893
1644,-0.15346203969854716
1645,0.16544628083748658
1646,0.18901297197250946
1647,0.05020838698347224
1648,0.07339564878964908
1649,0.03460517873081237
1650,0.20039103772376002
1651,0.22969157251222044
1652,0.23997763178927192
1653,0.23255112849879833
1654,0.0935074836728032
1655,0.08647886716205117
1656,0.28236487614971145
1657,0.1267543802909955
1658,0.12937885837945806
1659,0.06639558175401233
1660,0.11371838808127092
1661,0.26916098383318
1662,0.2542119448223308
1663,0.2520741655950951
1664,0.2770626157809901
1665,0.042815517617784404
1666,0.4606680497300505
1667,0.17101938204548248
1668,0.0522420157958661
1669,0.2088166947855294
1670,0.13448035670000075
1671,-0.017433551294226052
1672,0.3580269296814286
1673,0.12694087758268902
1674,0.04399630667442836
1675,0.21478739133095123
1676,0.29729598247198386
1677,-0.011900356085668778
1678,0.05309434968195462
1679,0.24827331770732458
1680,-0.007148178638712477
1681,0.275380300755132
1682,0.10476176868449505
1683,0.3961000238877286
1684,0.086438567987662
1685,0.43871818569641136
1686,0.24462304173392296
1687,0.03329401975212376
1688,0.21665625718077694
1689,0.5086706427039964
1690,0.07544256362492108
1691,0.28672334351420337
1692,-0.03694533002963163
1693,0.09769184655454681
1694,0.07870790279179163
1695,0.18407793599327643
1696,0.33821066978498904
1697,0.10906695966107627
1698,0.16333699373319144
1699,0.045627137243569676
1700,0.05064294092703969
1701,0.10315551853743585
1702,0.07950978398585795
1703,0.010765130896697894
1704,0.06443438925192652
1705,0.07307516377828868
1706,0.10046448969254637
1707,0.04589023868128572
1708,0.30483518894183453
1709,0.21603905907668286
1710,0.23328900645311745
1711,0.1282510935238037
1712,0.09404116083352557
1713,0.1633024173735227
1714,0.3520049461004806
1715,0.11881269698847988
1716,0.2280053673555505
1717,0.024719357189377428
1718,0.022881211858764072
1719,0.07013769497590899
1720,0.16670670878801022
1721,0.1731469205469329
1722,0.18968878669986866
1723,0.11706756054105193
1724,0.029225627814063154
1725,0.011455647722591333
1726,0.08671145580557882
1727,0.022433747540408194
1728,0.07469497348971771
1729,0.3225219768770295
1730,0.317906555532629
1731,0.2484816859731554
1732,0.0300319983917767
1733,0.05138092872279007
1734,0.23718680255051927
1735,0.024301454768255237
1736,0.11940746384862895
1737,0.571089749226686
1738,0.4812487027157775
1739,0.04603509026027891
1740,0.035985617361489725
1741,0.4689916647681939
1742,0.16707581503288657
1743,0.4836643689192551
1744,0.4975817741729905
1745,0.15834103787367085
1746,0.12928571728691376
1747,0.2922913238328784
1748,0.24480939902719673
1749,0.049113459059692416
1750,0.06711988798050875
1751,0.3040214368619465
1752,0.11267169621487935
1753,0.1905298945826646
1754,0.07317509349985515
1755,0.021360150839325853
1756,0.09175132900153313
1757,0.04125091762474328
1758,0.06957707967048837
1759,0.125411410882773
1760,0.3828033101667816
1761,0.25484363748557987
1762,0.2600550019127339
1763,0.24927433493824494
1764,0.6130846490831572
1765,0.08612732624060532
1766,0.3645387426236718
1767,0.054678615780414996
1768,0.1902403989154645
1769,0.3236818978780164
1770,0.25897049379447584
1771,0.02584653455501265
1772,0.18954080620762975
1773,0.2772505964582124
1774,0.355702011387632
1775,0.31095151780583763
1776,0.07839535656304558
1777,0.03998881889155023
1778,0.5315142716135962
1779,0.03688707238500963
1780,0.07049420774439272
1781,0.29449692251220005
1782,0.2696553402095914
1783,-0.09949797401406552
1784,0.2299023758592124
1785,0.29250591740620424
1786,0.05532811711956262
1787,0.3276131955705472
1788,0.01680514668997471
1789,0.6811830330150184
1790,0.15185805250855222
1791,-0.024749687576029633
1792,0.09134965178162263
1793,0.19937968504227538
1794,0.03377265962410031
1795,0.15272522229406074
1796,0.32307178809014914
1797,0.2853530406807673
1798,0.12355847576852431
1799,0.11899363716851122
1800,0.1499663635350194
1801,0.2550055352366313
1802,0.05208934619153341
1803,0.10564013978791778
1804,0.2101616590048615
1805,-0.030399543621275393
1806,0.09811607444000671
1807,0.08432168952377794
1808,0.16181652040097733
1809,0.2702244038929573
1810,0.005276352903516468
1811,0.4370621495722342
1812,0.19483450130172322
1813,0.1497311560536463
1814,0.36433453879369904
1815,0.5244033040753251
1816,0.19940755012416533
1817,0.24150296291173093
1818,-0.2136552848158213
1819,0.09426326055870832
1820,0.24840448268747248
1821,0.2989188760250333
1822,0.0517494769127298
1823,0.373287336820182
1824,0.1977026353036467
1825,0.09288513673601767
1826,0.21996099247091577
1827,0.35400881533311146
1828,0.15091867532557274
1829,0.2959331184702924
1830,0.4571841805822118
1831,0.2797965310754045
1832,0.10292892189846799
1833,0.19021855636479157
1834,0.026398229657403016
1835,0.20546967836109303
1836,0.15875334824955592
1837,0.22006731504116925
1838,0.11554947220652043
1839,0.13513240885559136
1840,0.12118095547819788
1841,0.03191678452329655
1842,0.2536528596495877
1843,0.3686957080487855
1844,0.24947078869166012
1845,0.1334371241215897
1846,0.18963164203451127
1847,0.12985731902553083
1848,0.07544699008840561
1849,0.10245711637930616
1850,0.08449781997342193
1851,0.23899895049226644
1852,-0.000126718549060989
1853,0.2811473527898338
1854,0.2567216678927874
1855,0.19561062449404995
1856,0.10914196882725433
1857,0.053524442668337835
1858,0.09575559786859143
1859,0.0096343637373551
1860,0.038348909704866596
1861,0.14732935407154457
1862,0.1747369196042693
1863,0.1274951735799323
1864,0.06519477329912582
1865,0.05183460786654323
1866,0.2334032970111496
1867,0.18674527547876046
1868,0.06661799238876437
1869,0.3612048586602377
1870,0.21960915932475972
1871,0.22519517207125733
1872,0.21102127105255108
1873,0.29606608549445446
1874,0.161224465708746
1875,0.4725396599924307
1876,0.03359432400993487
1877,0.05413387013635973
1878,0.0055245462621690555
1879,0.2775641479211882
1880,0.023015368649837886
1881,0.07656653776389938
1882,0.14988466078447718
1883,0.06802730523729189
1884,0.19971377903698628
1885,0.035750546421391194
1886,0.19193745346826008
1887,0.2313510977621476
1888,0.07378011725528583
1889,0.0904984478772781
1890,0.07193623030345714
1891,0.23262621163282166
1892,0.0920901436006733
1893,0.6320171750527873
1894,0.20713563005747057
1895,0.16486150053071813
1896,0.11870199203032478
1897,0.08327156725689933
1898,0.34658278342732873
1899,0.35460451051417907
1900,0.09719129840464716
1901,0.06882685798185126
1902,0.04499187770909213
1903,0.0332252308138766
1904,0.2587414948996544
1905,0.17662121868018438
1906,0.014302044203911457
1907,0.04033221727070513
1908,0.016151022616672006
1909,0.0373624590597936
1910,0.08302887268937051
1911,0.08291427988761782
1912,0.12292177535729971
1913,0.2905116768258943
1914,0.45460952599359705
1915,0.06486741371854887
1916,0.1190801581887469
1917,0.0606818822722307
1918,0.18453878717818065
1919,0.03401325271553818
1920,0.034013408769915626
1921,0.13654328959296533
1922,0.060388986702386516
1923,0.2850886961877945
1924,-0.04464520316761633
1925,0.05808119468207956
1926,-0.02978158370391054
1927,0.30656345124970474
1928,0.022918588335203605
1929,-0.043381907965179156
1930,0.3823793317877219
1931,0.25706076163542246
1932,0.1646698536780518
1933,0.17771732952425104
1934,0.3305216889209992
1935,0.0680349910396201
1936,0.35915734801155413
1937,0.2925992334212809
1938,0.4007372950466627
1939,0.9816090820013736
1940,0.05411100255162965
1941,0.2952207167144729
1942,0.284965039670267
1943,0.13628986440292212
1944,-0.014000790681886172
1945,0.08770968975988128
1946,0.03632216807531358
1947,0.2680706048733036
1948,0.23483311208593055
1949,0.21564379967157024
1950,0.05722974581182802
1951,0.2717659185108752
1952,0.09491295377801068
1953,0.1025936222760951
1954,0.5319968518255005
1955,0.02701695971195786
1956,0.04148892294774975
1957,0.09714490526977945
1958,0.04926315368848827
1959,0.1058036957698142
1960,0.26634160489594133
1961,0.11131410769054723
1962,0.21166253443226984
1963,0.6520880653551575
1964,0.2768823493019372
1965,0.24587397927411653
1966,0.11242001795340179
1967,0.2187150647180944
1968,0.030694385341047403
1969,0.21417014741260512
1970,0.24205546915458326
1971,0.20740231230609038
1972,0.14824127463685507
1973,0.09405560556759837
1974,0.04450490591347195
1975,0.31041564265689436
1976,0.38686514133215416
1977,0.04965582970784699
1978,0.04384530101399889
1979,0.2345456191808299
1980,0.11980825298856404
1981,0.06362405766000445
1982,0.048599635515613165
1983,0.24278744248130946
1984,0.15142440185362893
1985,0.11134768691425015
1986,-0.0327050692652715
1987,0.12947252880132987
1988,0.05383372414619811
1989,0.1265606846990533
1990,0.18251065424039023
1991,0.42916634379370466
1992,-0.27159737812927404
1993,0.007547770549493404
1994,0.4994585475023282
1995,0.23093311831923757
1996,0.32229868360928554
1997,-0.022111330215742603
1998,0.279016451633124
1999,0.07780138191897007
